sub,ep,res,arch,my,op,milk12,milk24,egg12,egg24,wool12,wool24,nshop12,myCOW,myGOOSE,mySHEEP,opCOW,opGOOSE,opSHEEP,pMILK15,pMILK20,pMILK25,pEGG25,pWOOL25,pFERT25,revMILK,revEGG,revWOOL,revFERT,revSTR,revWHEAT,revTOT
56281675,109717186,L,animal_factory,65716,123903,1,1,1,3,2,2,4,5,5,1,2,0,27,122,76,17,54,246,1,9937,10715,4183,8833,43943,21200,118428
56259132,109371856,L,animal_factory,71913,125613,2,4,0,1,2,2,4,5,5,1,10,0,9,210,205,211,43,249,42,37239,8717,11452,14551,10971,26915,127818
56259132,109533084,L,animal_factory,31349,83614,0,2,2,2,1,1,4,5,6,1,8,0,4,93,1,1,60,237,33,5156,13128,9906,12767,9702,18279,85675
56281675,109713885,L,animal_factory,72666,119155,1,2,0,1,1,1,4,6,5,1,8,0,6,169,72,9,45,242,29,14180,10115,8236,12568,52239,22205,137861
56259132,109368654,L,animal_factory,35085,78298,0,1,3,4,1,1,4,5,5,1,8,0,6,99,1,7,70,236,38,3735,13143,3975,13231,15344,19988,83060
56259132,109464509,L,animal_factory,72778,114518,2,5,0,0,1,2,4,5,5,1,8,0,4,226,233,251,43,246,31,52557,10005,3898,12012,25633,27071,146554
56259132,109353659,L,animal_factory,57878,99413,1,3,1,1,0,1,4,5,6,1,6,2,8,101,40,40,50,214,27,9675,10202,12086,11205,26256,26313,117061
56259132,109360017,L,animal_factory,60102,94660,2,3,1,2,1,2,4,6,5,1,5,2,7,181,139,183,44,245,26,48147,12015,22182,11207,13422,24141,151899
56281675,109722604,L,animal_factory,83419,117196,2,5,2,3,0,0,4,5,5,1,8,0,6,126,169,234,61,1,32,26729,11797,250,12081,45272,22190,136612
56281675,109719367,L,animal_factory,52137,79126,1,3,2,2,1,1,4,6,5,1,6,0,9,122,45,36,60,236,30,10492,12676,3293,12892,21753,24265,103090
56259132,109709403,L,animal_factory,64497,88997,2,2,0,1,1,3,4,5,5,1,4,2,4,195,186,189,42,252,44,29608,9353,4259,14669,16471,18777,111461
56281675,109712795,L,animal_factory,58990,81432,1,2,2,2,0,0,4,5,5,1,8,0,6,87,3,9,61,1,32,4168,14431,17,12094,42945,24408,115995
56259132,109376154,L,animal_factory,90447,108308,2,3,0,1,1,2,4,6,5,1,8,0,4,233,205,209,46,246,30,39583,9352,16262,12235,42540,21501,161361
56259132,109354747,L,animal_factory,32393,49970,0,1,0,1,4,5,4,5,5,1,9,3,5,47,11,3,43,257,10,3800,9371,4612,8809,3218,28067,75553
56259132,109600572,L,animal_factory,45166,62095,1,3,2,2,0,0,4,6,5,1,8,0,6,126,22,36,58,1,27,10480,11562,62,12410,21547,21824,96572
56281675,109721537,L,animal_factory,97563,111965,2,5,0,1,1,1,4,6,5,1,3,3,9,194,227,265,41,239,14,41897,7406,3107,10077,46741,20478,147471
56259132,109365459,L,animal_factory,106330,119566,4,6,0,1,0,0,4,6,5,1,8,0,5,265,277,299,45,5,36,64888,9906,74,14126,57280,21712,184919
56281675,109724829,L,other,68987,81575,2,3,0,0,0,3,4,6,6,1,8,0,1,220,239,242,43,243,55,34771,8260,3564,20197,14549,19264,120973
56259132,109377246,L,animal_factory,102382,111912,2,2,2,2,0,2,4,6,6,1,5,3,3,230,224,223,47,233,36,44971,9808,3699,14353,52902,20304,164625
56259132,109369688,L,animal_factory,63331,72308,1,2,1,4,2,2,4,5,5,1,8,0,6,158,97,30,56,252,34,13799,12491,249,13170,33619,23039,114580
56259132,109361060,L,animal_factory,68313,73579,1,2,0,1,0,1,4,6,5,1,8,2,6,137,116,36,41,225,32,14756,7805,10028,12769,32117,18344,129216
56282756,109726675,L,animal_factory,99840,104082,1,4,1,2,1,1,4,6,6,1,4,0,8,186,172,200,52,239,27,41556,18380,20596,13013,52774,25558,192541
56281675,109718304,L,animal_factory,59626,63500,1,4,1,1,0,0,4,6,6,1,8,0,3,126,68,76,53,61,33,19486,11672,1651,14321,9139,30094,112312
56259132,109374037,L,animal_factory,77643,81312,1,2,3,3,0,0,4,6,5,1,4,6,2,129,101,105,51,185,33,20306,9516,2846,12772,41947,23180,127357
56259132,109379333,L,animal_factory,69681,72200,1,4,1,1,1,1,4,6,5,1,9,0,5,197,185,214,53,237,43,41179,13061,14775,17890,15498,28112,147288
56281675,109714967,L,other,100742,101458,2,6,2,2,0,0,4,5,5,1,4,0,11,203,230,270,58,1,28,40175,12036,17,11071,59136,20978,157455
56259132,109372908,L,animal_factory,79096,79563,1,2,1,3,0,1,4,6,6,1,8,0,6,126,63,15,52,221,21,10003,14110,13524,10780,55348,24327,151603
56282756,109724350,W,other,72984,72480,1,3,1,1,0,0,4,5,5,1,5,5,1,124,80,124,42,215,32,22428,9324,3758,12336,37948,20900,132141
56259132,109351397,W,animal_factory,71682,70980,2,2,0,1,0,0,4,5,5,1,5,5,1,129,126,114,42,206,33,19076,8391,3798,12674,42218,18337,119291
56281675,109710696,W,animal_factory,105745,104133,3,3,0,2,0,1,4,6,5,1,9,0,2,229,228,216,51,232,38,40570,11646,6699,14783,70715,21276,187394
56281675,109708366,W,other,76184,74544,2,3,0,1,0,0,4,5,5,1,5,5,1,129,124,141,42,218,32,23810,10319,2618,12582,51467,19395,134566
56259132,109404754,W,animal_factory,84014,80919,1,4,1,1,0,1,4,5,5,1,7,0,6,197,129,131,51,230,33,33330,12269,18922,12400,59155,20328,172272
56259132,109491060,W,animal_factory,69001,64850,0,3,0,0,1,1,4,10,4,2,0,0,8,126,70,40,46,243,41,19380,2647,8748,17947,32839,14699,113618
56281675,109726992,W,animal_factory,93999,88031,3,3,1,3,0,1,4,6,5,1,18,0,4,251,239,196,55,229,12,34616,16220,18268,9853,64461,25859,191598
56259132,109358015,W,animal_factory,97988,90167,1,4,0,0,1,1,4,6,5,1,4,0,10,175,152,194,43,243,40,35046,8148,4380,14417,47110,20682,150465
56259132,109366536,W,animal_factory,113435,104922,3,3,1,1,0,1,4,6,5,1,15,0,2,246,254,218,51,190,31,50174,10883,14700,14348,68909,19408,196968
56259132,109362184,W,animal_factory,98769,89388,1,4,0,1,1,1,4,6,6,1,6,0,4,196,152,197,44,240,33,46460,9310,17830,14081,60136,20073,187378
56259132,109364394,W,animal_factory,93839,82487,2,3,2,3,0,0,4,6,5,1,6,0,2,213,181,196,60,137,39,36709,13265,4339,14519,55350,20676,163787
56259132,109607714,W,animal_factory,65162,52280,1,3,1,1,0,0,4,5,5,1,8,4,4,126,57,28,43,43,24,9468,9825,1630,11463,46247,18091,125113
56259132,109657941,W,animal_factory,80294,64892,2,4,2,2,0,1,4,6,6,1,7,0,5,172,212,216,59,209,40,40558,15757,3343,15353,23248,23246,141901
56259132,109432087,W,other,89647,73555,1,5,1,1,1,1,4,5,5,1,5,4,1,66,45,150,44,246,41,23317,8609,3920,13155,62403,18115,151345
56259132,109370789,W,animal_factory,74940,57797,1,1,2,3,1,1,4,5,5,1,8,0,6,139,82,5,63,241,28,9048,12133,4079,12148,41992,23663,125396
56259132,109378288,W,other,90141,72159,2,3,0,2,0,1,4,5,5,1,6,1,4,126,172,189,43,82,25,29360,9665,2115,10632,52662,19113,147132
56281675,109720452,W,animal_factory,93862,74165,2,4,2,3,0,0,4,5,5,1,19,2,2,217,122,97,53,125,8,28305,14704,6129,10139,59339,27066,163678
56281675,109728052,W,animal_factory,100862,80789,2,4,1,1,0,1,4,7,6,1,11,3,2,220,240,242,45,181,30,52011,10529,2853,13472,48942,24173,166889
56259132,109374859,W,animal_factory,89315,62515,2,5,2,2,0,0,4,5,5,1,3,0,12,135,210,262,61,1,18,36012,11498,17,9969,52104,21273,146034
56281675,109716707,W,animal_factory,89621,59949,1,3,2,3,0,0,4,5,5,1,8,1,5,126,118,97,59,1,23,19504,12045,1286,10945,52384,23448,140431
56259132,109577727,W,animal_factory,74349,40992,1,1,1,2,0,2,4,5,5,1,11,0,0,126,17,9,55,245,29,6349,12504,19244,11723,60049,22454,150321
56281675,109725830,W,animal_factory,82270,46625,1,2,3,4,0,0,4,6,5,1,9,0,3,126,66,5,69,121,30,10059,13832,2163,13037,50030,21380,131106
56259132,109363241,W,animal_factory,55572,18015,0,1,0,1,1,3,4,5,5,1,8,0,6,126,47,15,45,250,38,8434,9233,4216,14604,15583,21832,102781
56259132,109367595,W,animal_factory,76528,36311,1,3,1,2,0,1,4,10,3,1,7,0,0,214,204,145,57,228,42,50408,5357,3166,18076,24116,23811,142270
56259132,109358954,W,animal_factory,59265,16956,0,1,1,1,1,4,4,5,6,1,3,1,5,97,3,1,45,253,40,5331,10472,4003,15614,30872,20091,111242
56281675,109709656,W,wheat_flood,115558,71840,2,3,1,2,0,0,4,6,6,1,5,0,2,215,216,215,53,183,37,51062,17052,8476,15708,77017,18671,212568
56281675,109723728,W,animal_factory,96805,40206,2,3,1,3,0,0,4,10,3,1,12,0,9,227,225,191,61,125,17,55833,6371,1217,13037,49975,21780,158400
56281675,109711748,W,animal_factory,88354,30173,1,3,2,3,0,0,4,6,5,1,7,4,6,187,70,45,58,1,17,22021,12604,244,10721,56527,21677,146616
56259132,109355960,W,animal_factory,110373,51961,2,4,1,3,0,0,4,5,5,1,7,1,0,214,236,251,52,221,40,48894,9567,16414,13992,67185,21293,201144
56281675,109716076,W,wheat_flood,116322,57713,3,4,0,1,0,1,4,6,5,1,5,0,2,254,268,285,46,229,49,54333,10390,2338,18167,51337,21307,183698
56259132,109352626,W,animal_factory,72166,13271,1,2,0,0,0,0,4,5,6,1,13,0,6,193,124,55,42,1,30,17622,10317,1462,12727,5681,24778,123169
56282756,109728845,W,wheat_flood,120035,54313,2,4,0,1,1,1,4,9,2,3,2,0,0,191,218,240,51,246,53,85609,665,13248,19849,39394,22317,211302
56259132,109356862,W,wheat_flood,86646,20328,1,1,0,2,1,2,4,5,5,1,10,0,0,158,49,15,45,250,36,10500,12814,11502,12937,65279,22221,155512
56282756,109727771,W,other,85036,18106,0,0,1,3,1,2,4,10,2,2,0,0,0,126,17,1,61,247,63,8762,2146,8828,22502,57644,19936,140634
