rank,team,score,team_id,submission_id,episode_id,create_time,agent_0_log,agent_1_log
1,SpaTaro,2973.1,16640510,56114097,107163984,2026-09-09T15:12:38.374000,forbidden,forbidden
2,M & M & P & Q,2967.6,16681125,56120000,107169306,2026-09-09T15:36:37.228000,forbidden,forbidden
3,Otter Vibe,2956.1,16760569,56097405,107164941,2026-09-09T15:16:37.690000,forbidden,forbidden
4,Himanshu Kumar,2951.3,16657785,56122709,107173299,2026-09-09T15:52:37.606000,forbidden,forbidden
5,sue124,2928.1,16779977,56121704,107173299,2026-09-09T15:52:37.606000,forbidden,forbidden
6,Mengfei Li,2924.1,16622349,56047440,107165645,2026-09-09T15:20:36.769000,forbidden,forbidden
7,ultimatum_game,2909.5,16795448,56118890,107172660,2026-09-09T15:48:37.971000,forbidden,forbidden
8,Fih,2900.5,16688787,56115045,107165604,2026-09-09T15:20:36.701000,forbidden,forbidden
9,binghua,2893.7,16685556,56092906,107171443,2026-09-09T15:44:38.413000,forbidden,forbidden
10,edteoh,2890.7,16665134,56121299,107171570,2026-09-09T15:44:38.721000,forbidden,forbidden
